id,firstname,lastname,age,gpa
1,Jena,Haws,32,2.45
2,Denna,Ivanchin,34,2.08
3,Lesley,Jedrasik,23,3.29
4,Sarene,Woltman,34,2.17
5,Robbie,Houtby,30,2.51
6,Yorgo,Linne,35,3.13
7,Huntlee,Pardy,30,3.71
8,Claribel,Belf,34,3.93
9,Mortimer,Riddington,34,3.59
10,Cassandra,Rydings,34,3.9
11,Meade,Di Ruggiero,25,2.8
12,Margeaux,Carhart,31,2.32
13,Laurella,Seally,30,2.11
14,Pascale,Hewlings,34,2.5
15,Stavro,Sennett,25,2.35
16,Celene,Gauchier,29,2.07
17,Nady,Raven,35,2.94
18,Lonnard,Grigson,30,2.72
19,Munmro,Speddin,31,2.9
20,Lenka,McClosh,23,2.73
21,Aimee,Cleyne,27,3.75
22,Lezley,Rivilis,25,3.81
23,Dani,Vine,23,3.48
24,Hendrick,Tyrer,31,3.72
25,Kirstin,Augie,27,3.75
26,Hollis,Shearn,25,2.2
27,Baron,Boules,23,3.23
28,Logan,Commings,24,2.12
29,Hynda,Gayforth,31,2.8
30,Rosamond,Samsin,24,3.27
31,Cosme,Toghill,30,3.6
32,Vikki,Gilsthorpe,32,2.65
33,Thalia,Duckerin,34,2.56
34,Hazlett,Eaglen,26,2.06
35,Kathrine,de Lloyd,33,3.12
36,Lorettalorna,Plowes,23,3.09
37,Megen,Stuchberry,25,2.49
38,Lu,Ortiger,26,2.46
39,Zebulen,Gearing,29,3.7
40,Othelia,Terron,26,2.63
41,Delcine,Kinsey,32,2.6
42,Padriac,Quinney,31,2.52
43,Jaimie,Langton,33,3.52
44,Bunny,Gotmann,31,3.98
45,Austina,Lambirth,34,3.61
46,Fidela,Matousek,28,2.51
47,Saundra,Guion,25,2.65
48,Fredrick,Jurczyk,28,3.51
49,Torrie,Mityushin,33,3.45
50,Prescott,Prantl,35,2.38
51,Liza,Stickens,29,2.03
52,Remington,Tadman,28,3.63
53,Crawford,Sharville,27,2.79
54,Honor,Brewood,34,3.81
55,Ketty,Booker,35,3.22
56,Abdel,Headley,34,2.94
57,Sylvester,Navarro,32,3.09
58,Laraine,Aleshkov,34,2.84
59,Gay,Pourveer,32,2.67
60,Graig,Fretwell,34,3.25
61,Paton,Teodoro,31,2.32
62,Rani,L' Anglois,32,2.77
63,Adan,Bamfield,31,2.54
64,Robinett,Kob,25,3.21
65,Papagena,Barrand,30,3.04
66,Sadie,Crichton,26,2.21
67,Laural,Rolfe,28,2.44
68,Lane,Bergstram,35,3.96
69,Rozalin,Goundrill,27,3.82
70,Odele,Giraux,23,3.18
71,Sherye,Kilcoyne,28,3.65
72,Letta,Potkins,29,2.83
73,Benedicta,Marie,28,3.77
74,Xena,Birchenough,32,3.15
75,Ban,Algy,33,3.43
76,Jasmina,Kendle,30,2.88
77,Gale,Krollman,26,2.53
78,Stinky,Millwater,32,2.44
79,Abbie,Mandifield,35,2.25
80,Broddy,Sporrij,31,3.95
81,Bogey,Willerson,25,3.31
82,Vito,Gainfort,28,3.9
83,Misha,Swepson,35,2.59
84,Lemar,Caseri,34,2.44
85,Jenni,Kapiloff,25,2.05
86,Kimble,Rosenfelt,29,2.56
87,Rosabelle,Shewsmith,30,2.84
88,Shoshanna,Aird,24,2.46
89,Robinette,Jzhakov,27,3.59
90,Roman,Durrant,30,3.53
91,Carolan,Galiford,29,2.46
92,Rupert,Dewitt,34,3.88
93,Bartholomew,Winnister,25,3.76
94,Robb,Lesmonde,25,3.02
95,Clarita,Tumber,23,2.18
96,Stephie,Prinnett,26,3.0
97,Marchall,Bettleson,28,3.67
98,Caty,Wane,35,3.32
99,Donn,Cornehl,31,2.52
100,Aeriel,Chiles,27,2.29
101,Lonnie,Blackstone,34,2.69
102,Lainey,Gladwell,34,3.88
103,Kristoforo,Jentges,31,3.38
104,Dick,Edelston,27,3.98
105,Page,Duffill,31,3.89
106,Wilona,Ascroft,28,3.62
107,Patrice,Hucker,32,2.38
108,Tiphani,Banting,23,2.73
109,Tripp,Hutcheon,23,2.69
110,Kissee,Huggard,29,2.59
111,Michel,Grix,30,2.29
112,Leia,Dundin,30,3.92
113,Bernarr,Mallord,27,3.61
114,Eberto,Grut,33,2.53
115,Sadye,Whitebread,33,3.82
116,Miguel,Barns,35,2.36
117,Kerstin,Noades,25,2.3
118,Lenci,Harlick,25,2.65
119,Fielding,Vasyutichev,24,3.32
120,De,McIlhone,32,3.76
121,Jammie,Windrum,26,2.66
122,Clark,Grimoldby,30,3.32
123,Jock,Kindleysides,31,3.15
124,Conrad,Spruce,27,3.45
125,Johnath,Westphal,27,3.92
126,Ollie,Giacobelli,34,2.45
127,Maitilde,Boullen,34,2.13
128,Brigit,Tighe,31,3.84
129,Jory,Hayford,27,2.17
130,Fulvia,Denver,33,2.25
131,Larina,Lymbourne,27,2.16
132,Lonnard,Nurcombe,27,3.73
133,Kala,Drinkel,30,2.39
134,Aurelia,Eminson,32,2.86
135,Moyra,Willes,34,2.68
136,Sissy,Walasik,27,3.08
137,Kirbie,Stritton,26,3.92
138,Izabel,Chasmar,26,3.32
139,Giuseppe,Bouts,35,2.69
140,Diarmid,Pedlingham,31,2.86
141,Blakeley,Semarke,32,2.18
142,Jeff,Bruckstein,35,3.93
143,Glynda,Trewhela,31,3.96
144,Darnall,Magill,35,2.98
145,Carola,Curley,34,2.58
146,Sophia,Tapply,30,3.88
147,Hester,Hearon,29,2.51
148,Hillel,Beneteau,30,3.18
149,Coleen,Gibbeson,25,2.58
150,Rancell,Dickie,33,2.52
151,Aubrette,Sidaway,24,3.47
152,Gibby,Waycott,24,2.91
153,Christy,Blazynski,34,3.36
154,Michel,Minet,28,3.67
155,Lilias,Timlett,27,2.0
156,Joyann,Ducarne,32,3.41
157,Orran,Dowley,28,3.47
158,Jenine,Revely,27,3.76
159,Jose,Potapczuk,31,3.97
160,Grete,O' Hern,23,3.8
161,Lena,Allan,23,3.05
162,Max,Bilbey,35,2.71
163,Rodie,Olsson,32,3.0
164,Alford,Melluish,24,2.12
165,Derrik,Fernez,26,2.87
166,Cordey,Limer,25,3.74
167,Brietta,Cosgriff,28,3.53
168,Gustie,Rodenburg,35,3.68
169,Jud,Oke,33,3.81
170,Gelya,Merriday,30,2.76
171,Athene,Wynn,24,3.69
172,Caresa,Gniewosz,28,2.13
173,Travers,Chapellow,24,2.13
174,Byram,Dedham,24,2.6
175,Demetris,Bisson,31,2.99
176,Chrystel,Sampson,34,3.6
177,Loren,Gillaspy,31,3.34
178,Gerome,Southers,33,3.62
179,Shurlocke,Fridaye,30,3.33
180,Ekaterina,Entwisle,28,3.7
181,Evangelia,Snoddon,30,2.81
182,Kayne,Iapico,33,2.03
183,Alfredo,Benny,23,3.11
184,Bree,Yurkin,29,2.96
185,Jonah,Labbe,27,3.51
186,Felicio,Rizzotto,26,3.07
187,Gerry,Castan,25,3.97
188,Jorrie,Fifoot,25,3.59
189,Shelba,Asp,24,3.82
190,Teresita,Cheley,27,2.48
191,Reeva,Gravey,30,2.98
192,Neale,Bruin,25,2.58
193,Kat,Learmonth,33,2.6
194,Amalee,Milroy,28,3.46
195,Heddi,Curness,35,2.98
196,Luke,Kubec,27,2.19
197,Shawnee,Sellar,30,3.47
198,Beverlie,Dovey,26,3.35
199,Hamid,Oliphant,33,2.64
200,Jamie,Sparrow,33,2.86
201,Phaedra,Threadkell,26,2.45
202,Ealasaid,Paxman,34,2.61
203,Koo,Bouzan,28,3.29
204,Nicole,Jurek,32,2.99
205,Gav,Puleque,30,3.14
206,Otes,Greenlies,34,2.4
207,Darb,Alam,35,2.58
208,Damian,Pahlsson,34,3.29
209,Mariette,Chesshire,25,3.78
210,Beatriz,Murrthum,35,3.63
211,Kellina,Vader,26,2.04
212,Renato,O'Fallon,32,2.3
213,Reagen,Gerrets,25,2.19
214,Elroy,Capstake,28,2.94
215,Mick,Charity,30,3.5
216,Marlene,Tyre,28,2.98
217,Chelsey,Cranham,34,3.81
218,Nicolette,Grosvener,24,3.87
219,Nomi,Isaac,31,2.23
220,Nani,Cromarty,23,3.64
221,Vasily,Billings,34,2.95
222,Regan,Rilton,26,2.21
223,Erna,Philp,33,3.99
224,Akim,Sawforde,24,2.31
225,Carmina,Zoanetti,34,2.67
226,Wendye,Tarbet,26,2.96
227,Toby,Cossentine,32,3.85
228,Gabie,Bispo,33,3.27
229,Fredrick,Clampin,29,2.97
230,Jamie,Reily,29,3.85
231,Lilias,Meagher,25,3.42
232,Timofei,D'Andrea,34,3.9
233,Frazer,Mathey,32,3.78
234,Trip,Reeme,33,2.44
235,Ernie,Selcraig,25,3.96
236,Judye,Lindeman,32,2.06
237,Norrie,Kemmish,24,3.97
238,Tad,Wellbelove,27,3.31
239,Ed,Aliman,33,2.03
240,Hillyer,Brade,29,2.32
241,Tammy,Shelford,29,3.12
242,Waiter,Houlaghan,30,3.76
243,Fidelia,Etchells,32,3.2
244,Idelle,Swett,24,3.11
245,Wes,Orsay,25,2.95
246,Phyllis,Badder,30,2.72
247,Tiertza,Brosel,35,2.23
248,Edwin,Spaughton,32,3.04
249,Valli,Roblin,26,2.44
250,Jean,Ceccoli,27,3.04
251,Hyacinthia,Crosskill,34,2.49
252,Cchaddie,Suttie,29,3.75
253,Rowen,Greg,28,2.26
254,Meara,Tearney,27,3.45
255,Gnni,Van T'Hoog,30,3.98
256,Marys,Suart,26,3.34
257,Axel,Scantlebury,35,2.73
258,Aloin,Waumsley,27,3.56
259,Fey,Haggata,29,2.99
260,Joni,Pasby,32,3.89
261,Liza,Millberg,28,2.32
262,Celesta,Presdie,34,3.65
263,Haleigh,Cripwell,29,2.95
264,Jonas,Palfrey,27,3.08
265,Jae,Gepheart,27,3.04
266,Felicity,Lesley,29,3.27
267,Ailey,Ouldcott,28,3.59
268,Ailsun,Putson,29,3.39
269,Harcourt,Tunnicliff,31,3.31
270,Gabbi,Cheesworth,31,2.26
271,Tades,Swatland,23,3.64
272,Roana,Govern,31,2.89
273,Davie,MacLeese,32,2.1
274,Blaire,Kramer,35,3.99
275,Dorthea,Bachmann,33,3.36
276,Sonnie,Stace,23,2.15
277,Gaylord,Laible,24,3.28
278,Estelle,Finnimore,23,2.97
279,Jard,Carrodus,31,3.58
280,Johannes,Lawtie,34,2.77
281,Marguerite,Thickin,23,3.84
282,Jdavie,Fasham,32,2.77
283,Celle,Micklewright,24,2.98
284,Currie,Goullee,33,2.14
285,Jozef,Woodgate,23,2.04
286,Hardy,Beller,29,2.95
287,Vinson,Denton,27,2.22
288,Akim,Allbon,33,2.89
289,Chicky,Yuryichev,29,3.23
290,Linnea,Nugent,29,2.41
291,Peggie,Roke,30,3.74
292,Cheslie,Fewell,31,3.94
293,Moll,Boucher,32,2.23
294,Rodina,Pask,35,2.58
295,Annecorinne,Yitzowitz,29,3.79
296,Vivianna,Kmietsch,35,3.38
297,Aurilia,Bercher,23,3.83
298,Dimitry,Selwood,30,3.64
299,Amory,Schulze,29,3.02
300,Randee,Ausiello,24,3.94
301,Correy,Pinkstone,35,2.71
302,Gerry,Breede,24,3.74
303,Banky,Sallarie,34,2.99
304,Aileen,Heffernon,31,3.12
305,Rennie,Zecchini,24,3.0
306,Mona,Cretney,31,3.5
307,Elvira,Nickolls,30,3.93
308,Jamie,Deer,31,3.6
309,Zaneta,Lackham,28,2.31
310,Lorrie,Brand-Hardy,34,3.3
311,Sheff,Anthiftle,35,2.35
312,Skelly,Borell,34,2.45
313,Burnard,Cory,32,2.86
314,Jermain,Pauwel,35,2.23
315,Jakob,Stanborough,32,2.4
316,Elihu,Brooks,26,2.6
317,Abbye,Beauchop,28,3.39
318,Brietta,Coat,33,2.46
319,Kelli,Petrazzi,26,3.19
320,Cammy,Coughtrey,28,2.66
321,Zachariah,Bote,29,2.89
322,Adriane,McCamish,30,2.86
323,Claudine,Marjoram,28,3.6
324,Marta,Hassur,26,2.39
325,Ethe,Fruen,31,2.93
326,Daune,Bayston,27,2.2
327,Randi,Manwaring,29,2.24
328,Lorain,Eller,33,2.78
329,Byrom,Matthewman,23,3.58
330,Earl,Norrie,33,3.61
331,Alexina,Kenforth,25,3.15
332,Fidel,Snadden,35,2.23
333,Kevyn,Eslie,25,2.56
334,Tanney,Brabban,25,2.26
335,Tripp,Marsham,26,3.05
336,Elisabetta,Massei,30,3.81
337,William,Christopher,25,3.07
338,Bethina,Yarnley,27,3.2
339,Charla,Whitnall,29,2.25
340,Edouard,Ricardou,30,2.18
341,Gilbertine,Studdal,31,3.38
342,Phillis,Frood,35,3.38
343,Robby,Aulds,28,2.43
344,Wilbur,Boschmann,29,3.94
345,Gaultiero,Buye,31,2.08
346,Velma,Haithwaite,26,3.38
347,Fee,Volkers,26,2.8
348,Mendy,Meegin,25,2.87
349,Chickie,Laviss,23,3.74
350,Fidelity,Mabb,32,3.91
351,Andrey,Misken,30,3.31
352,Caroline,Parry,25,3.18
353,Dian,Pembery,27,2.27
354,Ulysses,Kubecka,26,3.88
355,Glyn,Koenen,35,3.19
356,Joaquin,Meek,23,3.55
357,Josiah,Ubsdall,30,2.2
358,Weylin,Defond,30,3.15
359,Jeremy,Sargison,30,2.71
360,Ignaz,Beevens,27,2.01
361,Ignaz,Perrins,24,3.66
362,Berkly,Hamsher,35,2.8
363,Vina,Drever,35,3.82
364,Edeline,Maddigan,24,3.72
365,Ansel,Heathcote,27,2.87
366,Neel,Dutchburn,35,2.52
367,Bing,Trillo,24,2.18
368,Klarika,Bugler,27,2.46
369,Evan,Dutt,30,3.54
370,Ulrich,Lundy,34,3.61
371,Genevieve,Camus,24,2.13
372,Abigael,Holtham,34,3.88
373,Shem,Yearnes,28,3.81
374,Belvia,Libermore,27,3.78
375,Teressa,Langelaan,35,2.88
376,Sofie,Hilling,23,3.7
377,Vinita,Goodge,27,2.92
378,Marian,Bowgen,35,2.6
379,Kikelia,Pumfrey,28,3.41
380,Nestor,MacDermott,30,3.48
381,Jakie,Stoving,31,3.62
382,Jackson,Winkworth,33,2.99
383,Pierre,Oates,28,3.47
384,Benoit,Tremayle,29,2.38
385,Benny,Mitton,26,2.54
386,Flinn,Antonutti,27,2.55
387,Lianna,Liffey,23,2.39
388,Lenette,Walisiak,32,2.66
389,Chantal,Burless,29,3.09
390,Seth,Haslehurst,33,2.97
391,Benji,Ilyuchyov,31,2.06
392,Carly,Camelin,31,3.94
393,Wally,Izen,35,2.91
394,Kellby,Nutman,34,3.75
395,Waverley,Dulin,30,2.7
396,Cindee,Volke,33,2.45
397,Jany,Dall,32,3.13
398,Emmaline,Klishin,33,2.98
399,Gusti,Brunel,28,2.7
400,Micky,Middler,24,3.9
401,Redford,Poytres,34,3.24
402,Yvonne,Whicher,27,3.4
403,Kania,Cleife,29,3.98
404,Kipper,Osinin,28,2.48
405,Addison,Hizir,31,3.98
406,Jacquie,Leale,34,3.25
407,Lucian,Arnoult,35,3.4
408,Skipton,Driutti,23,2.69
409,Leo,Perrington,34,2.81
410,Davide,Bartos,30,2.21
411,Amie,McGuinness,34,2.35
412,Chanda,Ormesher,24,2.4
413,Anatollo,Winders,31,3.37
414,Ayn,Poundford,25,3.95
415,Georgetta,Dregan,35,3.1
416,Joyous,Juza,35,2.93
417,June,McIndoe,24,3.89
418,Alexina,Dash,31,3.55
419,Drew,Finders,32,3.2
420,Malissia,Yushankin,28,3.15
421,Leigh,Gerhardt,25,2.58
422,Bernete,Winson,33,2.56
423,Drew,Lyle,29,3.05
424,Goldie,Rowthorne,27,3.56
425,Linet,Polglaze,25,3.14
426,Regine,Treneman,34,2.53
427,Rona,Holton,32,2.02
428,Dania,Laurenson,33,2.5
429,Timofei,Winchurch,27,3.74
430,Alina,Dametti,27,2.12
431,Orlan,Castan,32,2.1
432,Dory,Ramel,34,2.88
433,Alexandr,Timmons,26,3.85
434,Adelbert,Fossitt,31,3.91
435,Carmela,Leys,34,3.78
436,Lavinia,Mollene,29,3.48
437,Garfield,Goslin,26,2.92
438,Langston,Minkin,28,2.59
439,Colver,Blader,35,3.93
440,Samara,Gourlay,31,2.5
441,Rozanne,Marshal,27,2.63
442,Lesly,Ounsworth,33,2.1
443,Bambie,Keoghan,34,3.17
444,Arlana,Soot,35,2.38
445,Frasier,Ziemen,27,3.14
446,Lorrin,Toope,34,2.91
447,Atlanta,Gianiello,25,2.42
448,Zonda,Sidnall,33,3.6
449,Tyrus,Holyland,31,2.72
450,Charmine,Casine,23,2.04
451,Miles,Coster,33,2.43
452,Gal,Nayshe,27,3.78
453,Averill,Runsey,34,2.04
454,Patrice,Brolly,34,3.52
455,Nita,Bonome,30,2.8
456,Melisandra,Kearn,29,2.95
457,Eudora,Ivasyushkin,29,3.2
458,Mommy,Chaucer,23,3.51
459,Micheil,Marcq,26,2.84
460,Isadore,Gerault,33,3.29
461,Rosamund,Pymar,31,2.05
462,Sauncho,Balleine,29,3.1
463,Nessie,Foort,30,3.91
464,Barney,Ferguson,27,3.88
465,Lorrie,Hoopper,28,2.31
466,Darline,Pechet,31,3.06
467,Nichols,Podmore,33,3.12
468,Kanya,Drieu,32,3.74
469,Witty,Pressnell,27,3.49
470,Adolphus,Sells,28,2.52
471,Cazzie,Alesi,29,3.9
472,Jamal,Slane,33,3.96
473,Sidoney,Warriner,30,3.84
474,Wenonah,Caesar,34,3.71
475,Arleta,Riccio,23,2.9
476,Clarice,Zecchi,35,3.31
477,Helaina,Cockrem,30,2.57
478,Mei,Spearing,23,3.84
479,Chadwick,Rainville,23,2.33
480,Imogen,Tuxwell,35,3.12
481,Delly,Neljes,32,2.56
482,Melesa,Ludye,25,3.49
483,Lusa,Howman,29,3.0
484,Nathaniel,Le Moucheux,32,2.95
485,Vinnie,McClenan,23,3.46
486,Griswold,Rought,32,2.63
487,Rosy,Ainsley,26,2.37
488,Alvera,Adamiak,32,3.6
489,Emile,Boggas,28,2.22
490,Ilsa,Rizzelli,32,2.21
491,Lemuel,Houtby,29,2.64
492,Michele,Bowdon,33,2.52
493,Fields,Jeves,35,2.17
494,Buckie,Pickup,29,3.97
495,Meredith,Greenless,29,3.15
496,Sayre,Thayre,32,3.66
497,Eilis,Rankcom,28,3.93
498,Bethany,Costelloe,34,2.7
499,Arlina,Doleman,32,2.79
500,Yolanda,Rice,32,2.2
501,Jelene,Joanaud,34,3.69
502,Renata,Hanham,26,4.0
503,Clemence,Paunsford,28,3.24
504,Claiborne,Brusby,30,2.5
505,Pepito,Llewellyn,23,2.46
506,Aura,Goering,23,2.65
507,Alain,McGrirl,26,2.49
508,Sherman,Romanelli,25,2.06
509,Jillie,Rosedale,30,3.76
510,Chastity,Calway,30,2.13
511,Nye,Chalmers,33,2.98
512,Antonietta,Pryce,35,3.99
513,Matt,Gerrets,25,3.33
514,Amara,Applewhaite,31,3.87
515,Arie,Jurczak,23,2.98
516,Koralle,Farady,28,2.47
517,Angele,Sallenger,31,3.75
518,Casi,Esp,24,3.29
519,Bell,Heddy,24,2.34
520,Hilly,Pavese,33,2.6
521,Free,Oldknowe,32,3.03
522,Goldi,Touzey,33,2.67
523,Zerk,Greste,26,2.06
524,Sallee,Thys,28,2.28
525,Barnard,O'Crigane,32,2.96
526,Ninon,Brower,32,2.72
527,Bennie,Preator,33,3.08
528,Viole,Fielding,35,3.16
529,Cullan,McKinna,27,2.75
530,Ainsley,Humphrys,31,2.67
531,Lindsey,Brane,35,3.78
532,Elijah,Drexel,30,2.48
533,Sully,Louisot,27,3.49
534,Winny,Todeo,23,2.76
535,Amberly,Feldmesser,26,2.85
536,Emmy,Grayshan,25,2.43
537,Anthony,Hubner,24,2.18
538,Reamonn,Gaishson,34,2.09
539,Rollo,Hencke,27,3.12
540,Fred,Rigbye,23,3.99
541,Cathrine,Waitland,32,3.24
542,Constancy,Sallier,34,2.11
543,Collin,Letham,25,2.48
544,Harriott,Rothschild,30,2.95
545,Kessia,Verbeek,23,2.88
546,Waiter,Chiverstone,26,3.29
547,Farrell,Webber,34,2.44
548,Ange,Bakhrushin,25,3.45
549,Jedediah,Damsell,32,3.83
550,Nils,Croix,30,3.72
551,Wayland,Verni,27,2.86
552,Pat,Perkis,34,3.86
553,Elayne,Duckitt,25,3.51
554,Rodie,Tydd,29,3.13
555,Vivie,Sargood,33,2.88
556,Carmelle,Brok,27,2.08
557,Elvina,Solesbury,26,3.74
558,Caryl,Penvarden,35,3.44
559,Gerrard,Nestor,29,3.03
560,Hollyanne,Napoleone,23,2.61
561,Maximilianus,Tow,24,3.62
562,Shay,Conduit,32,3.49
563,Sammy,Dimitriades,24,2.87
564,Joey,McCandie,32,2.15
565,Zonnya,Poynzer,25,3.17
566,Cecilio,di Rocca,31,3.87
567,Vernon,Kemston,30,3.65
568,Bob,Brotheridge,35,3.55
569,Rancell,Chaudron,31,2.38
570,Ingeborg,Darby,27,3.0
571,Barty,Wiley,30,2.15
572,Dannel,Gawn,26,2.11
573,Marjorie,Yeskin,35,2.25
574,Rene,John,23,3.65
575,Vitoria,Steenson,35,2.27
576,Aeriel,Allchin,33,2.72
577,Leonie,Willan,28,2.63
578,Jacquelyn,Tremaine,33,2.9
579,Christoforo,Grievson,33,3.48
580,Darice,Beesley,25,2.86
581,Winifield,Warbys,32,3.52
582,Dael,Fredi,25,3.67
583,Nathanael,Gounot,25,3.34
584,Raffaello,Connochie,26,3.37
585,Quent,Charrette,33,2.3
586,Averil,Leheude,23,2.43
587,Adam,Cowmeadow,34,2.06
588,Hermine,Bordone,28,2.15
589,Feodor,Tripcony,28,3.28
590,Pippy,Willowby,35,2.18
591,Che,Brilleman,31,2.64
592,Celine,Baroch,26,3.66
593,Hamilton,Huckin,34,3.19
594,Myrta,Baptie,26,3.15
595,Kanya,Baroux,29,3.22
596,Care,Chyuerton,26,2.33
597,Melamie,Wackley,28,2.7
598,Blane,Gavrieli,34,2.98
599,Nickolas,Slateford,30,2.58
600,Nike,Casetti,32,2.54
601,Wanids,Izak,35,3.09
602,Gianni,Chalke,31,3.52
603,Ynes,Adolfson,27,2.3
604,Karoly,Birrel,24,3.84
605,Feliks,Redgewell,28,2.55
606,Buck,Tott,28,3.28
607,Ariel,Stanton,27,3.39
608,Lizzy,Gilffilland,26,3.27
609,Dyana,Dikels,33,3.08
610,Laird,Mitkin,26,2.39
611,Nicolais,Prisley,32,2.84
612,Marlie,Clout,34,3.98
613,Clemmy,Easthope,25,2.93
614,Yolande,Ionnidis,34,3.8
615,Lind,Reddick,35,2.37
616,Gaby,Sprowles,30,2.76
617,Eilis,Poytheras,29,3.1
618,Griffin,Tredwell,27,2.43
619,Natalina,Habben,27,3.67
620,Orran,Quipp,28,2.15
621,Vasili,Coady,30,2.73
622,Hilario,Gwilliams,34,2.55
623,Terrance,Fordy,31,2.88
624,Lou,Piccop,33,2.4
625,Mitzi,MacGiolla Pheadair,29,2.08
626,Koenraad,Moorerud,24,3.58
627,Solly,Krahl,24,2.11
628,Rena,Treppas,32,2.23
629,Payton,Insley,31,2.88
630,Hallie,Villa,29,2.03
631,Damian,Dinzey,24,2.58
632,Felike,Patton,33,2.28
633,Biddie,Ditzel,35,2.45
634,Aurie,Shaddick,34,2.76
635,Valentino,Juggins,32,2.93
636,Evy,Dudding,33,2.83
637,Austina,Busk,29,3.96
638,Helen,Ranking,28,3.21
639,Cordelie,Castagneri,25,3.22
640,Lucille,Deme,25,3.32
641,Henrieta,Carlon,26,3.79
642,Emlyn,Judkins,24,2.87
643,Devondra,Hans,32,3.53
644,Roman,Blethin,35,3.35
645,Hodge,Skeete,31,2.31
646,Bo,Straughan,23,3.01
647,Wye,Pennini,29,3.63
648,Norry,Pulham,34,2.4
649,Somerset,Kirgan,24,3.86
650,Guglielma,Pile,35,3.55
651,Mervin,Ramage,30,2.58
652,Joyous,Cordsen,30,2.13
653,Amble,Hudd,30,3.63
654,Rozalie,Cranke,25,2.49
655,Stace,Rashleigh,34,3.94
656,Ruby,Rodger,28,3.08
657,Jerry,Netherclift,32,3.0
658,Curcio,Piborn,27,2.86
659,Constantine,Duley,25,3.96
660,Roslyn,Van Waadenburg,32,3.65
661,Hobie,Lucio,35,3.84
662,Bernard,Svanini,29,3.68
663,Clarine,O'Hegertie,29,3.15
664,Biddie,Reece,29,3.83
665,Jarvis,Bygate,31,3.59
666,Loralee,Dowle,31,2.69
667,Casey,Dunlop,25,2.1
668,Philly,Bonar,23,3.28
669,Edy,Crooks,33,3.67
670,Rudy,Watson-Brown,31,2.55
671,Kristin,Barends,34,2.32
672,Lusa,Gerrels,33,2.98
673,Garret,Marciek,28,3.76
674,Charlotte,Deaville,28,2.15
675,Lorie,Basten,33,3.25
676,Lazaro,Masterman,31,2.78
677,Rori,Di Roberto,28,2.65
678,Quincey,Slark,33,2.78
679,Angelo,Form,26,3.31
680,Donetta,Baly,26,3.17
681,Genny,Yellowlee,27,3.08
682,Jedd,Dedenham,27,3.88
683,Aubrey,Allone,25,3.56
684,Umberto,O'dell,32,3.68
685,Anissa,Pawley,25,3.66
686,Perry,Bicknell,24,3.82
687,Coral,Gostage,27,3.69
688,Baudoin,Fagence,34,2.08
689,Mariam,Maven,33,3.19
690,Hubert,Flea,27,2.5
691,Dixie,Boyall,35,3.63
692,Aland,Josland,31,3.08
693,Geralda,Keates,27,3.32
694,Bendite,Hessenthaler,27,2.66
695,Stanfield,Brymner,34,2.13
696,Elnar,Faivre,31,3.92
697,Evania,Weller,35,3.18
698,Joya,Riepl,26,3.23
699,Starla,Berget,23,3.51
700,Bartholomeo,O'Hern,24,3.66
701,Corbett,Caron,34,3.78
702,Delmar,Stallebrass,31,3.09
703,Ebonee,Scolding,32,3.1
704,Paulita,Hemmingway,28,3.0
705,Ara,Amort,34,2.72
706,Ara,Rusted,24,3.79
707,Alfonso,Roo,29,2.57
708,Eve,MacNeill,30,3.19
709,Marco,Prettejohns,33,2.45
710,Abran,Beaby,23,3.73
711,Kristen,Bril,35,3.11
712,Jeannine,Rittelmeyer,26,3.33
713,Nataline,Yarham,35,2.76
714,Nefen,Switzer,35,3.5
715,Stephannie,Rizzolo,28,3.8
716,Chev,Cankett,28,3.12
717,Evyn,Jacquemot,27,3.39
718,Blanch,Abels,35,2.94
719,Swen,Martinovic,23,2.22
720,Red,Aspinall,32,3.74
721,Nikolaus,Grob,31,2.3
722,Grady,Tireman,26,3.65
723,Corabel,MacCrossan,34,3.42
724,Laetitia,Bartrum,30,2.82
725,Leese,Rizzardo,25,2.95
726,Sarita,Ekell,24,3.69
727,Shandy,Dosdill,32,3.75
728,Madelle,Tedstone,28,2.94
729,Bonni,Paulton,33,2.42
730,Dianna,Rigolle,29,2.53
731,Calypso,Durden,31,3.29
732,Ofella,Meiningen,23,2.14
733,Tommi,Hadigate,27,2.56
734,Dyna,Cerith,25,3.24
735,Mona,Passler,35,2.68
736,Jorrie,Gillino,28,3.1
737,Barbabra,Itzhaiek,25,3.38
738,Hattie,MacAskill,31,2.41
739,Wren,Kelsey,23,3.56
740,Cicily,Kembry,34,2.7
741,Tobey,Mc Gee,23,3.08
742,Rutherford,Tuson,24,3.59
743,Kelley,Etchingham,32,3.18
744,Link,Kohen,34,3.22
745,Micah,Spuner,27,2.71
746,Elnar,Harriman,26,2.23
747,Isahella,Tebbett,35,2.37
748,Correy,Pessler,27,3.72
749,Reube,Gethyn,30,2.75
750,Gabie,Measor,23,2.68
751,Evangelina,Bremner,24,2.92
752,Curry,Isherwood,34,2.5
753,Amitie,Swane,34,3.51
754,My,Wolfe,35,3.09
755,Gypsy,Shaughnessy,34,2.42
756,Stephani,Sammonds,31,3.41
757,Cornell,Drayson,30,3.33
758,Tobiah,Dobby,27,2.94
759,Rheba,Hussy,28,3.02
760,Aloysius,Harken,30,3.57
761,Humberto,Gepson,31,3.96
762,Eugenio,Roubeix,23,2.4
763,Marne,Gallo,33,2.42
764,Esta,O'Nions,29,3.92
765,Hewe,Chatburn,34,3.93
766,Fanchon,Demsey,34,2.73
767,Poppy,Clink,33,3.28
768,Lyn,Moyles,31,2.16
769,Bethany,Rumsey,35,2.34
770,Worthy,Newick,24,3.45
771,Charlotte,Wallwood,29,3.04
772,Constance,Reuss,33,3.63
773,Abba,Hubbuck,30,3.49
774,Madeline,Sawnwy,30,2.7
775,Rivkah,Kincaid,34,2.83
776,Jacklin,Houldey,28,3.0
777,Coop,Ram,26,2.34
778,Clemente,Whitelock,35,3.04
779,Dilly,Longson,29,3.42
780,Holly-anne,Bicker,35,2.89
781,Dorolisa,Blunsum,25,3.33
782,Ezri,McGerraghty,27,2.1
783,Howard,Dunkerly,27,2.39
784,Eve,Halsted,29,2.01
785,Mab,Goymer,34,3.36
786,Harley,Waddicor,23,3.81
787,Lancelot,Rudinger,27,2.95
788,Jelene,Ivimey,24,2.36
789,Casey,Gooderidge,30,3.04
790,Trip,McClymont,29,2.18
791,Thebault,Avard,33,3.99
792,Spenser,Moggle,30,2.01
793,Yetty,Bouskill,24,3.82
794,Amelia,Jerrold,35,2.18
795,Rodrick,Hackley,29,3.87
796,Carter,Bene,33,2.58
797,Alanson,Heinsius,35,2.61
798,Sascha,McPhilip,28,3.41
799,Abby,Greendale,23,2.02
800,Phylys,Bearne,25,4.0
801,Didi,Assiratti,28,2.3
802,Gale,Drain,31,2.02
803,Goddard,Stockbridge,31,3.69
804,Andrus,Spikings,28,3.86
805,Frasco,Worcester,28,2.35
806,Trenton,Underdown,25,2.4
807,Andrej,Ryves,27,3.9
808,Major,Laurence,26,3.51
809,Ricoriki,Cescot,27,2.28
810,Randie,Knottley,26,3.13
811,Murial,Penfold,24,2.92
812,Tad,Litchmore,35,2.01
813,Read,Hawthorne,29,3.46
814,Joaquin,Rosedale,26,2.24
815,Danette,Schubbert,26,2.18
816,Natasha,Reese,29,3.57
817,Justine,Revel,32,3.3
818,Kara,Lenchenko,24,3.58
819,Oswell,Snookes,32,2.11
820,Raina,Baden,34,2.84
821,Eldridge,Bolding,32,3.48
822,Delmor,Sellars,23,3.7
823,Nelle,Raisbeck,29,2.38
824,Hercules,Lambot,30,3.8
825,Florrie,Helks,33,2.31
826,Lynn,Glennon,35,2.09
827,Beatriz,Zettoi,35,3.94
828,Hadrian,Keedwell,25,3.68
829,Tadd,Chantree,26,3.71
830,Wayland,Cockerton,33,2.99
831,Sharl,Tetlow,32,3.57
832,Agnesse,Brandreth,29,2.53
833,Anthe,Gergely,26,2.55
834,Everett,Baudino,23,2.74
835,Rube,Cholerton,35,3.91
836,Kerby,Andreini,26,2.59
837,Wat,Guiton,33,3.61
838,Erv,Phillcock,35,3.73
839,Adamo,Sartain,23,2.39
840,Reeta,Waple,35,2.23
841,Colette,Jelks,28,2.42
842,Abbot,O' Molan,32,2.79
843,Larine,Hulatt,32,2.74
844,Adella,Hatliffe,31,2.31
845,Ian,Pickin,35,3.46
846,Corella,Birkwood,26,3.04
847,Darrel,Paolino,30,3.42
848,Gwendolin,Mingardi,30,2.45
849,Heddie,Pedroni,31,2.14
850,Raina,Furbank,35,3.11
851,Hynda,Jachimak,34,3.34
852,Pen,Maykin,28,3.6
853,Vitia,Barr,34,3.64
854,Meghann,Wanka,29,2.09
855,Yoshi,Peres,30,3.1
856,Tani,Bratch,28,2.86
857,Jase,Eymor,32,3.17
858,Valentina,Blandamere,33,2.62
859,Clementina,Kabsch,32,3.96
860,Zak,Ellerker,28,2.61
861,Ethelind,Tumulty,29,2.98
862,Jocko,Vella,31,2.15
863,Vito,Hillatt,30,3.3
864,Dona,Coy,25,2.88
865,Charlie,Grosvener,29,3.01
866,Crystie,Gallienne,24,2.29
867,Laural,Brion,25,3.1
868,Faina,Gounod,25,2.28
869,Diego,Disbrey,28,3.22
870,Bonni,Jacklin,27,3.7
871,Hester,Roisen,27,2.02
872,Priscilla,Crick,28,2.74
873,Salim,Healy,23,2.48
874,Gus,Grestie,29,3.11
875,Mahalia,Strond,30,2.9
876,Germain,Chaman,35,2.01
877,Edmon,Mackelworth,33,3.78
878,Kent,Phillpotts,27,2.96
879,Mirabella,Gravell,35,2.01
880,Gae,Minihan,34,3.92
881,Russ,Delos,33,3.23
882,Kevan,Raubheim,33,3.54
883,Leodora,Wieprecht,25,3.26
884,Valma,Hatwell,27,2.55
885,Judye,Spoerl,35,3.55
886,Janka,Casaccio,24,2.18
887,Valera,Gogay,34,2.47
888,Doralia,Archell,23,3.24
889,Alberto,Dawidman,27,2.99
890,Terra,Ingram,32,3.85
891,Gannie,Grellier,34,3.64
892,Ignatius,Christoforou,28,3.19
893,Giustino,Palphramand,30,2.27
894,Tandy,Dunmuir,29,3.67
895,Gerardo,Clohissy,28,2.15
896,Clementina,Spurret,35,3.57
897,Marrilee,Mallalieu,28,3.72
898,Cort,Westby,27,3.02
899,Liliane,Shirley,33,3.67
900,Keith,Robeson,29,2.26
901,Essa,Eich,31,2.77
902,Estel,Hannay,25,2.62
903,Pavel,Panchin,24,2.33
904,Lars,Gave,35,3.58
905,Joe,Jorio,26,2.34
906,Ami,Nobles,27,2.1
907,Orelia,Chellingworth,29,2.78
908,Ada,Walklot,23,3.08
909,Cathie,Mebius,34,3.82
910,Aggi,Scobbie,26,2.91
911,Thorny,Niese,34,2.46
912,Elsinore,Blamire,34,2.38
913,Ferdy,English,29,3.76
914,Adey,Goater,28,2.18
915,Veradis,Brompton,24,3.28
916,Leonie,Pfertner,24,3.78
917,Amber,Alliott,35,2.33
918,Georg,Fearnyough,27,2.19
919,Cicily,Hurrion,24,2.6
920,Germain,Murdy,25,3.34
921,Sebastiano,Chessel,26,3.24
922,Karlik,Gabler,26,3.89
923,Dorian,Gould,34,3.21
924,Louise,Pidgley,29,2.34
925,Celestyna,Groundwater,24,2.46
926,Alexis,Lipprose,24,3.06
927,Loria,Camamile,27,2.54
928,Thaddeus,Vallow,30,2.76
929,Aylmer,Greves,24,2.6
930,Georgena,Masterton,31,3.59
931,Horace,Padgham,26,3.08
932,Vally,Meehan,27,3.34
933,Borden,Golley,27,2.61
934,Alanson,Calvie,25,2.52
935,Ervin,Duell,28,3.69
936,Auberta,Croker,29,3.98
937,Mozes,Haymes,28,3.93
938,Carlita,Papps,23,3.8
939,Ulrick,Hambly,31,2.98
940,Fayre,Heyworth,28,3.33
941,Rodi,Hrihorovich,27,2.01
942,Maureene,Canfield,33,3.35
943,Chauncey,Danniel,28,2.4
944,Jaclin,Jiru,25,3.23
945,Gilbert,Orsman,25,2.77
946,Conant,Staining,30,3.76
947,Corena,Conyers,29,3.0
948,Clair,Dengate,30,3.93
949,Josefina,Weavill,32,2.37
950,Deina,Keightley,33,2.93
951,Hyatt,Langforth,23,3.28
952,Melodee,Lamminam,25,2.16
953,Delmar,Gallie,32,3.73
954,Orbadiah,Whoolehan,35,2.39
955,Ches,Chaffey,32,3.2
956,Kari,O' Clovan,31,3.33
957,Nada,Josipovic,29,2.45
958,Naoma,Graeber,31,3.63
959,Tamarah,Goodere,34,2.32
960,Joela,Maken,33,3.15
961,Jacquenetta,Leavry,30,3.64
962,Sib,Wyman,25,3.73
963,Rawley,Perassi,33,2.52
964,Mala,Dunsmore,30,2.56
965,Perceval,Byrch,27,2.64
966,Hamlin,Hebron,26,3.14
967,Cortie,Hoffmann,34,3.89
968,Carlos,Braim,29,2.52
969,Dun,Skoggings,27,2.39
970,Ryun,Deans,25,3.31
971,Alvan,Pyle,27,3.56
972,Ardene,Bernardon,25,3.21
973,Donia,Bresnahan,27,3.36
974,Jasun,Willwood,29,2.2
975,Doti,Goodwill,27,3.05
976,Marita,Beldan,28,2.02
977,Shae,Bedborough,33,3.79
978,Miltie,Yellowlea,34,3.19
979,Audrey,Bowser,29,3.52
980,Damaris,Chuney,35,3.59
981,Hartwell,Growden,33,3.96
982,Purcell,MacCumeskey,27,3.99
983,Cathlene,Meneghi,26,3.86
984,Roxanne,Roadknight,31,2.7
985,Alexandrina,Jagson,31,2.75
986,Roanne,Rosellini,33,2.93
987,My,Donavan,29,3.68
988,Marley,Bolan,34,2.14
989,Michaeline,Pinnick,23,2.05
990,Standford,Kilcullen,35,2.8
991,Gustave,Shearn,30,3.95
992,Rodi,Leehane,29,3.88
993,Dyane,Schustl,28,2.89
994,Katherine,Albon,26,2.92
995,Kelli,Redborn,32,2.05
996,Laura,Beresford,28,2.17
997,Eimile,Goodboddy,27,2.05
998,Rochelle,Keuning,35,2.22
999,Alica,Pennino,30,3.68
1000,Florenza,Sherwell,35,3.79
